business_id,stars,SaturdayOPEN,SaturdayCOLSED,score_range,open_time,close_time,open_cate,close_cate,length
91868,3.890909091,19:30,03:00,3-4,19.5,3.0,2,4,7.5
143668,4.301587302,10:00,21:00,4-5,10.0,21.0,7,2,11.0
87650,4.666666667,00:00,00:00,4-5,0.0,0.0,3,3,24.0
11250,3.785714286,09:00,18:00,3-4,9.0,18.0,6,1,9.0
185658,4.117021277,00:00,00:00,4-5,0.0,0.0,3,3,24.0
169759,4.295454545,10:00,04:00,4-5,10.0,4.0,7,5,18.0
140230,3.333333333,22:00,05:00,3-4,22.0,5.0,3,5,7.0
175053,3.2,17:00,05:00,3-4,17.0,5.0,1,5,12.0
98471,4.222222222,00:00,00:00,4-5,0.0,0.0,3,3,24.0
181507,3.6,04:30,03:00,3-4,4.5,3.0,5,4,22.5
15810,4.407942238,14:00,03:30,4-5,14.0,3.5,8,4,13.5
187085,4.243902439,17:30,23:30,4-5,17.5,23.5,1,3,6.0
63046,3.537634409,11:00,11:00,3-4,11.0,11.0,7,7,24.0
120649,3.685185185,00:00,00:00,3-4,0.0,0.0,3,3,24.0
87657,3.217391304,00:00,00:00,3-4,0.0,0.0,3,3,24.0
110104,4.553191489,17:00,03:00,4-5,17.0,3.0,1,4,10.0
44658,3.8181818180000002,06:00,06:00,3-4,6.0,6.0,5,5,24.0
41738,3.3553719010000003,00:00,00:00,3-4,0.0,0.0,3,3,24.0
127877,3.545454545,11:00,22:30,3-4,11.0,22.5,7,3,11.5
37740,3.73540856,17:00,22:00,3-4,17.0,22.0,1,3,5.0
185769,4.1779359430000005,10:00,00:00,4-5,10.0,0.0,7,3,14.0
25918,3.9819819819999998,06:00,06:00,3-4,6.0,6.0,5,5,24.0
23314,3.519313305,11:00,23:00,3-4,11.0,23.0,7,3,12.0
142312,3.0629800310000004,11:30,01:00,3-4,11.5,1.0,7,4,13.5
13269,4.168539326,17:00,01:00,4-5,17.0,1.0,1,4,8.0
153845,3.661243463,07:00,03:00,3-4,7.0,3.0,6,4,20.0
112963,4.671641791,10:00,22:00,4-5,10.0,22.0,7,3,12.0
97837,4.2697368419999995,10:00,00:00,4-5,10.0,0.0,7,3,14.0
81619,3.529411765,19:00,03:00,3-4,19.0,3.0,2,4,8.0
145030,2.833333333,10:00,18:00,2-3,10.0,18.0,7,1,8.0
188352,3.80952381,16:00,02:00,3-4,16.0,2.0,1,4,10.0
191515,5.0,15:00,00:00,4-5,15.0,0.0,8,3,9.0
19624,3.027777778,00:00,00:00,3-4,0.0,0.0,3,3,24.0
67070,3.6811145510000003,07:30,23:00,3-4,7.5,23.0,6,3,15.5
58386,3.730769231,11:00,22:00,3-4,11.0,22.0,7,3,11.0
95612,3.4,09:00,18:00,3-4,9.0,18.0,6,1,9.0
169272,3.031746032,11:00,04:00,3-4,11.0,4.0,7,5,17.0
67211,3.9727891160000004,15:00,04:00,3-4,15.0,4.0,8,5,13.0
180005,4.481481481,10:00,02:00,4-5,10.0,2.0,7,4,16.0
101708,4.061216105,11:30,02:00,4-5,11.5,2.0,7,4,14.5
31203,2.806451613,00:00,00:00,2-3,0.0,0.0,3,3,24.0
92097,2.2,00:00,00:00,2-3,0.0,0.0,3,3,24.0
150179,4.128205128,19:00,04:00,4-5,19.0,4.0,2,5,9.0
135546,3.807142857,00:00,00:00,3-4,0.0,0.0,3,3,24.0
119128,4.428571429,00:00,00:00,4-5,0.0,0.0,3,3,24.0
190528,5.0,11:00,22:00,4-5,11.0,22.0,7,3,11.0
143487,4.589608873,11:00,22:00,4-5,11.0,22.0,7,3,11.0
125478,4.267223382,17:00,03:00,4-5,17.0,3.0,1,4,10.0
24975,3.0512820510000003,00:00,00:00,3-4,0.0,0.0,3,3,24.0
100535,4.045238095,11:00,22:00,4-5,11.0,22.0,7,3,11.0
192547,3.552213868,17:00,22:45,3-4,17.0,22.8,1,3,5.800000000000001
137030,3.024096386,06:00,06:00,3-4,6.0,6.0,5,5,24.0
96069,3.923379175,11:30,01:00,3-4,11.5,1.0,7,4,13.5
149383,1.8,09:00,09:00,1-2,9.0,9.0,6,6,24.0
65124,4.567717996,17:00,03:30,4-5,17.0,3.5,1,4,10.5
36216,3.620512821,11:00,22:00,3-4,11.0,22.0,7,3,11.0
51946,3.7663088360000003,10:00,23:00,3-4,10.0,23.0,7,3,13.0
181599,2.555555556,11:00,01:00,2-3,11.0,1.0,7,4,14.0
130178,3.450060901,09:00,00:00,3-4,9.0,0.0,6,3,15.0
34159,3.70210136,11:00,19:00,3-4,11.0,19.0,7,2,8.0
184798,2.25,22:00,05:00,2-3,22.0,5.0,3,5,7.0
178428,3.475471698,22:30,04:00,3-4,22.5,4.0,3,5,5.5
145270,4.815789474,17:00,02:00,4-5,17.0,2.0,1,4,9.0
103432,4.48,08:00,00:00,4-5,8.0,0.0,6,3,16.0
84876,2.6,00:00,00:00,2-3,0.0,0.0,3,3,24.0
56703,3.0694444439999997,14:00,05:00,3-4,14.0,5.0,8,5,15.0
66961,3.814814815,00:00,00:00,3-4,0.0,0.0,3,3,24.0
97739,3.379310345,11:00,02:00,3-4,11.0,2.0,7,4,15.0
61603,4.234782609,17:00,00:00,4-5,17.0,0.0,1,3,7.0
157078,2.963350785,11:00,23:00,2-3,11.0,23.0,7,3,12.0
83806,5.0,19:00,05:00,4-5,19.0,5.0,2,5,10.0
35921,4.2,09:30,01:00,4-5,9.5,1.0,6,4,15.5
129138,3.196217494,11:00,00:00,3-4,11.0,0.0,7,3,13.0
162637,4.03960396,17:00,23:00,4-5,17.0,23.0,1,3,6.0
187126,3.802197802,16:00,23:00,3-4,16.0,23.0,1,3,7.0
53617,2.525,17:00,04:30,2-3,17.0,4.5,1,5,11.5
9439,3.937462052,11:30,06:00,3-4,11.5,6.0,7,5,18.5
83646,3.64,11:00,02:00,3-4,11.0,2.0,7,4,15.0
41608,3.4190476189999996,11:00,02:00,3-4,11.0,2.0,7,4,15.0
1611,4.064156206,16:00,23:00,4-5,16.0,23.0,1,3,7.0
176486,4.1875,00:00,00:00,4-5,0.0,0.0,3,3,24.0
15992,3.5675675680000003,17:00,23:00,3-4,17.0,23.0,1,3,6.0
30934,3.967741935,08:00,02:00,3-4,8.0,2.0,6,4,18.0
62279,3.9142857139999996,00:00,00:00,3-4,0.0,0.0,3,3,24.0
70447,3.869918699,00:00,00:00,3-4,0.0,0.0,3,3,24.0
77026,3.817247821,22:00,04:00,3-4,22.0,4.0,3,5,6.0
115525,3.1818181819999998,00:00,00:00,3-4,0.0,0.0,3,3,24.0
7662,4.092307691999999,11:30,04:00,4-5,11.5,4.0,7,5,16.5
87854,3.5579119089999995,20:00,04:00,3-4,20.0,4.0,2,5,8.0
21791,3.9751861039999996,11:00,22:00,3-4,11.0,22.0,7,3,11.0
149708,3.16,11:00,23:00,3-4,11.0,23.0,7,3,12.0
143085,4.42139738,12:00,02:00,4-5,12.0,2.0,7,4,14.0
95545,2.85106383,00:00,00:00,2-3,0.0,0.0,3,3,24.0
75372,4.208333333,10:00,22:00,4-5,10.0,22.0,7,3,12.0
154845,2.9063291139999996,07:00,00:00,2-3,7.0,0.0,6,3,17.0
75646,3.0,16:00,00:00,2-3,16.0,0.0,1,3,8.0
32321,4.244897958999999,09:00,19:00,4-5,9.0,19.0,6,2,10.0
51763,3.967391304,00:00,00:00,3-4,0.0,0.0,3,3,24.0
18381,3.772222222,00:00,00:00,3-4,0.0,0.0,3,3,24.0
104540,4.571428571,18:00,04:00,4-5,18.0,4.0,1,5,10.0
181473,4.129807692,11:00,22:00,4-5,11.0,22.0,7,3,11.0
77793,3.8285714289999997,06:00,02:00,3-4,6.0,2.0,5,4,20.0
192152,3.2797494780000003,16:00,04:00,3-4,16.0,4.0,1,5,12.0
108079,3.986111111,17:00,22:30,3-4,17.0,22.5,1,3,5.5
141173,2.7317073169999997,00:00,00:00,2-3,0.0,0.0,3,3,24.0
169987,4.220183486,00:00,00:00,4-5,0.0,0.0,3,3,24.0
132871,3.254143646,17:00,04:00,3-4,17.0,4.0,1,5,11.0
115342,3.565972222,00:00,00:00,3-4,0.0,0.0,3,3,24.0
71568,3.4371345030000002,11:00,23:00,3-4,11.0,23.0,7,3,12.0
131725,3.534146341,11:30,00:00,3-4,11.5,0.0,7,3,12.5
39311,3.4444444439999997,20:00,02:00,3-4,20.0,2.0,2,4,6.0
167361,2.9148936169999997,21:00,06:00,2-3,21.0,6.0,2,5,9.0
66547,3.4196721310000004,08:00,02:00,3-4,8.0,2.0,6,4,18.0
130669,2.470588235,10:00,02:00,2-3,10.0,2.0,7,4,16.0
72778,1.0,10:00,17:00,0-1,10.0,17.0,7,1,7.0
70764,3.3015873019999997,23:00,05:00,3-4,23.0,5.0,3,5,6.0
1864,4.131313131000001,17:00,03:00,4-5,17.0,3.0,1,4,10.0
56114,3.0521172639999996,07:00,02:00,3-4,7.0,2.0,6,4,19.0
108872,2.8,00:00,00:00,2-3,0.0,0.0,3,3,24.0
94272,3.827586207,17:00,04:00,3-4,17.0,4.0,1,5,11.0
86734,3.9375,10:00,03:00,3-4,10.0,3.0,7,4,17.0
189186,3.12,09:00,04:00,3-4,9.0,4.0,6,5,19.0
82233,4.168336673,07:00,22:00,4-5,7.0,22.0,6,3,15.0
171320,4.069069069,17:30,22:30,4-5,17.5,22.5,1,3,5.0
178230,3.78125,00:00,00:00,3-4,0.0,0.0,3,3,24.0
156267,2.348242812,18:00,03:00,2-3,18.0,3.0,1,4,9.0
177897,4.75,15:00,04:00,4-5,15.0,4.0,8,5,13.0
20365,4.0,11:00,21:00,3-4,11.0,21.0,7,2,10.0
66821,4.285046728999999,17:00,22:00,4-5,17.0,22.0,1,3,5.0
149294,2.9665551839999997,00:00,00:00,2-3,0.0,0.0,3,3,24.0
143178,3.142857143,10:00,03:00,3-4,10.0,3.0,7,4,17.0
142556,2.111111111,21:00,06:00,2-3,21.0,6.0,2,5,9.0
67262,4.106870229,11:00,02:00,4-5,11.0,2.0,7,4,15.0
189244,3.333333333,00:00,00:00,3-4,0.0,0.0,3,3,24.0
129335,4.354166667,09:00,09:00,4-5,9.0,9.0,6,6,24.0
130528,3.260869565,00:00,00:00,3-4,0.0,0.0,3,3,24.0
172318,3.580246914,11:00,22:00,3-4,11.0,22.0,7,3,11.0
106980,4.607692308,11:30,02:00,4-5,11.5,2.0,7,4,14.5
138374,3.6040268460000005,00:00,00:00,3-4,0.0,0.0,3,3,24.0
46777,3.673469388,00:00,00:00,3-4,0.0,0.0,3,3,24.0
114259,3.873563218,00:00,00:00,3-4,0.0,0.0,3,3,24.0
76471,3.293466224,00:00,00:00,3-4,0.0,0.0,3,3,24.0
71945,4.071428571,12:00,23:00,4-5,12.0,23.0,7,3,11.0
76613,3.811320755,06:00,05:30,3-4,6.0,5.5,5,5,23.5
125290,3.8059701489999997,17:30,22:30,3-4,17.5,22.5,1,3,5.0
74656,3.071428571,09:00,09:00,3-4,9.0,9.0,6,6,24.0
30814,3.791497976,08:00,02:00,3-4,8.0,2.0,6,4,18.0
13941,3.516129032,18:30,04:00,3-4,18.5,4.0,1,5,9.5
26701,4.814516128999999,09:00,23:00,4-5,9.0,23.0,6,3,14.0
115859,4.117647058999999,00:00,00:00,4-5,0.0,0.0,3,3,24.0
125904,3.723910172,11:00,22:00,3-4,11.0,22.0,7,3,11.0
149873,3.427312775,11:00,23:00,3-4,11.0,23.0,7,3,12.0
153699,3.888888889,19:00,04:00,3-4,19.0,4.0,2,5,9.0
137119,3.727272727,09:00,18:00,3-4,9.0,18.0,6,1,9.0
186202,4.4375,12:00,02:00,4-5,12.0,2.0,7,4,14.0
69973,3.852459016,10:00,23:00,3-4,10.0,23.0,7,3,13.0
89791,4.294117647,16:00,04:00,4-5,16.0,4.0,1,5,12.0
139373,4.594520548,19:00,02:00,4-5,19.0,2.0,2,4,7.0
31759,3.84,11:00,02:00,3-4,11.0,2.0,7,4,15.0
3163,4.095238095,00:00,00:00,4-5,0.0,0.0,3,3,24.0
167478,4.269662921,16:00,04:00,4-5,16.0,4.0,1,5,12.0
128788,3.654135338,11:00,23:00,3-4,11.0,23.0,7,3,12.0
30558,4.214285714,00:00,00:00,4-5,0.0,0.0,3,3,24.0
26931,3.833333333,00:00,00:00,3-4,0.0,0.0,3,3,24.0
11238,4.12704918,11:00,22:00,4-5,11.0,22.0,7,3,11.0
50310,4.117647058999999,18:00,05:00,4-5,18.0,5.0,1,5,11.0
41984,3.3784194530000002,10:30,23:00,3-4,10.5,23.0,7,3,12.5
163012,3.791817088,10:30,21:00,3-4,10.5,21.0,7,2,10.5
162989,3.545977011,11:00,02:30,3-4,11.0,2.5,7,4,15.5
67600,4.1111111110000005,20:00,00:00,4-5,20.0,0.0,2,3,4.0
60990,3.0555555560000003,00:00,00:00,3-4,0.0,0.0,3,3,24.0
181051,3.442622951,00:00,00:00,3-4,0.0,0.0,3,3,24.0
175353,3.528301887,11:00,02:00,3-4,11.0,2.0,7,4,15.0
45222,4.158163265,10:00,02:00,4-5,10.0,2.0,7,4,16.0
188375,4.076923077,06:00,06:00,4-5,6.0,6.0,5,5,24.0
91344,3.692592593,11:00,01:00,3-4,11.0,1.0,7,4,14.0
49115,4.081632653,06:00,06:00,4-5,6.0,6.0,5,5,24.0
145313,3.620168067,12:00,22:00,3-4,12.0,22.0,7,3,10.0
115446,3.8313069910000004,11:30,22:00,3-4,11.5,22.0,7,3,10.5
41320,3.5857843139999996,20:00,02:00,3-4,20.0,2.0,2,4,6.0
160863,3.9379844960000003,17:30,22:30,3-4,17.5,22.5,1,3,5.0
135421,4.909722222,11:00,21:00,4-5,11.0,21.0,7,2,10.0
60688,2.6,00:00,00:00,2-3,0.0,0.0,3,3,24.0
120201,3.333333333,06:00,22:00,3-4,6.0,22.0,5,3,16.0
161532,3.8148893360000002,00:00,00:00,3-4,0.0,0.0,3,3,24.0
172014,3.7833333330000003,00:00,00:00,3-4,0.0,0.0,3,3,24.0
78434,3.933333333,00:00,00:00,3-4,0.0,0.0,3,3,24.0
45072,4.0,00:00,00:00,3-4,0.0,0.0,3,3,24.0
127376,3.143589744,08:00,00:00,3-4,8.0,0.0,6,3,16.0
175149,3.9411764710000003,11:00,02:00,3-4,11.0,2.0,7,4,15.0
73226,3.803571429,16:00,22:00,3-4,16.0,22.0,1,3,6.0
47640,4.387179487,10:15,03:00,4-5,10.2,3.0,7,4,16.8
144870,4.1,00:00,00:00,4-5,0.0,0.0,3,3,24.0
92857,3.644230769,00:00,00:00,3-4,0.0,0.0,3,3,24.0
154159,3.6307692310000004,09:00,01:00,3-4,9.0,1.0,6,4,16.0
60124,2.5,22:00,02:00,2-3,22.0,2.0,3,4,4.0
155835,3.878552972,13:00,04:00,3-4,13.0,4.0,8,5,15.0
162586,4.421875,17:00,01:00,4-5,17.0,1.0,1,4,8.0
68526,4.146153846,11:00,21:30,4-5,11.0,21.5,7,2,10.5
37584,4.742857143,17:00,01:00,4-5,17.0,1.0,1,4,8.0
100646,4.705882353,09:00,00:00,4-5,9.0,0.0,6,3,15.0
81549,2.454545455,10:00,19:00,2-3,10.0,19.0,7,2,9.0
137601,4.583333333,00:00,00:00,4-5,0.0,0.0,3,3,24.0
47971,3.5822784810000003,00:00,00:00,3-4,0.0,0.0,3,3,24.0
118940,4.1,11:00,18:00,4-5,11.0,18.0,7,1,7.0
23827,4.407407407,17:00,05:00,4-5,17.0,5.0,1,5,12.0
104260,2.9602649010000004,00:00,00:00,2-3,0.0,0.0,3,3,24.0
158588,3.088729017,10:30,21:00,3-4,10.5,21.0,7,2,10.5
67456,2.846376812,09:00,02:00,2-3,9.0,2.0,6,4,17.0
181268,4.342857143,08:00,23:00,4-5,8.0,23.0,6,3,15.0
158272,3.35,04:00,03:59,3-4,4.0,4.0,5,5,24.0
18832,3.78956373,09:00,23:00,3-4,9.0,23.0,6,3,14.0
85323,2.885448916,22:00,06:00,2-3,22.0,6.0,3,5,8.0
75024,3.4444444439999997,00:00,00:00,3-4,0.0,0.0,3,3,24.0
60823,2.9105263160000003,16:00,06:00,2-3,16.0,6.0,1,5,14.0
175318,3.455384615,11:00,02:00,3-4,11.0,2.0,7,4,15.0
178536,3.755555556,00:00,00:00,3-4,0.0,0.0,3,3,24.0
58347,4.461538462,09:30,04:00,4-5,9.5,4.0,6,5,18.5
117972,4.023255814,17:00,01:30,4-5,17.0,1.5,1,4,8.5
10083,3.5405405410000004,20:00,03:59,3-4,20.0,4.0,2,5,8.0
47889,4.931034483,10:00,02:00,4-5,10.0,2.0,7,4,16.0
86990,4.075,00:00,00:00,4-5,0.0,0.0,3,3,24.0
47809,4.964285714,11:00,23:00,4-5,11.0,23.0,7,3,12.0
174522,3.3096234310000003,17:00,22:00,3-4,17.0,22.0,1,3,5.0
80812,3.571428571,00:00,00:00,3-4,0.0,0.0,3,3,24.0
43624,3.796875,00:00,00:00,3-4,0.0,0.0,3,3,24.0
188745,3.8,00:00,00:00,3-4,0.0,0.0,3,3,24.0
143659,3.902214022,16:00,22:30,3-4,16.0,22.5,1,3,6.5
93163,3.8641975310000003,17:30,00:00,3-4,17.5,0.0,1,3,6.5
45309,3.615384615,00:00,00:00,3-4,0.0,0.0,3,3,24.0
22595,3.425,18:00,04:00,3-4,18.0,4.0,1,5,10.0
79872,3.40113798,08:00,00:00,3-4,8.0,0.0,6,3,16.0
13066,4.057471264,00:00,00:00,4-5,0.0,0.0,3,3,24.0
30210,3.4905660380000003,00:00,00:00,3-4,0.0,0.0,3,3,24.0
140418,4.26007326,00:00,00:00,4-5,0.0,0.0,3,3,24.0
10323,5.0,19:00,03:00,4-5,19.0,3.0,2,4,8.0
53977,3.440191388,21:00,04:00,3-4,21.0,4.0,2,5,7.0
187479,3.6,11:00,01:00,3-4,11.0,1.0,7,4,14.0
144910,3.0,00:00,00:00,2-3,0.0,0.0,3,3,24.0
27054,3.855544252,17:00,02:00,3-4,17.0,2.0,1,4,9.0
87020,2.9084967319999997,19:00,03:00,2-3,19.0,3.0,2,4,8.0
107608,3.5192012289999997,11:30,00:00,3-4,11.5,0.0,7,3,12.5
131207,4.018342821,16:00,23:00,4-5,16.0,23.0,1,3,7.0
174336,2.7317073169999997,10:00,22:00,2-3,10.0,22.0,7,3,12.0
130228,3.64516129,00:00,00:00,3-4,0.0,0.0,3,3,24.0
172855,2.666666667,11:00,02:00,2-3,11.0,2.0,7,4,15.0
180807,2.58974359,00:00,00:00,2-3,0.0,0.0,3,3,24.0
6373,4.423690205,17:00,23:00,4-5,17.0,23.0,1,3,6.0
85516,3.8955038760000003,09:00,01:00,3-4,9.0,1.0,6,4,16.0
83123,3.695833333,00:00,00:00,3-4,0.0,0.0,3,3,24.0
15635,4.7547169810000005,00:00,00:00,4-5,0.0,0.0,3,3,24.0
49756,3.7461538460000003,00:00,00:00,3-4,0.0,0.0,3,3,24.0
4333,5.0,00:00,00:00,4-5,0.0,0.0,3,3,24.0
65065,3.1142857139999998,15:00,06:00,3-4,15.0,6.0,8,5,15.0
127902,3.571428571,00:00,00:00,3-4,0.0,0.0,3,3,24.0
95975,4.378787879,05:00,23:00,4-5,5.0,23.0,5,3,18.0
129786,3.5757575760000004,00:00,00:00,3-4,0.0,0.0,3,3,24.0
191377,3.5555555560000003,17:00,01:00,3-4,17.0,1.0,1,4,8.0
61604,2.391822828,00:00,00:00,2-3,0.0,0.0,3,3,24.0
89953,3.87195122,17:00,23:00,3-4,17.0,23.0,1,3,6.0
102535,3.979423868,10:30,21:00,3-4,10.5,21.0,7,2,10.5
187207,3.826086957,00:00,00:00,3-4,0.0,0.0,3,3,24.0
15762,3.642857143,06:00,05:30,3-4,6.0,5.5,5,5,23.5
123655,3.6,00:00,00:00,3-4,0.0,0.0,3,3,24.0
138770,5.0,07:30,04:00,4-5,7.5,4.0,6,5,20.5
180569,2.666666667,09:00,09:00,2-3,9.0,9.0,6,6,24.0
92252,3.333333333,00:00,00:00,3-4,0.0,0.0,3,3,24.0
143780,4.092592593,11:00,04:00,4-5,11.0,4.0,7,5,17.0
20710,4.0246710530000005,16:30,23:00,4-5,16.5,23.0,1,3,6.5
2547,3.279411765,11:00,23:30,3-4,11.0,23.5,7,3,12.5
8466,3.372,17:00,22:00,3-4,17.0,22.0,1,3,5.0
31970,4.449856734,11:30,23:00,4-5,11.5,23.0,7,3,11.5
34446,4.2647058819999994,11:00,00:30,4-5,11.0,0.5,7,3,13.5
65159,3.1896551719999997,00:00,00:00,3-4,0.0,0.0,3,3,24.0
87350,3.0992063489999997,08:00,08:00,3-4,8.0,8.0,6,6,24.0
44852,4.154761905,16:00,00:00,4-5,16.0,0.0,1,3,8.0
143022,2.5,17:00,00:00,2-3,17.0,0.0,1,3,7.0
177237,4.3947368419999995,00:00,00:00,4-5,0.0,0.0,3,3,24.0
166570,4.47826087,00:00,00:00,4-5,0.0,0.0,3,3,24.0
90058,4.193548387,10:00,02:00,4-5,10.0,2.0,7,4,16.0
122577,4.585365854,00:00,00:00,4-5,0.0,0.0,3,3,24.0
53266,2.560747664,11:00,00:00,2-3,11.0,0.0,7,3,13.0
192223,4.519713262,12:00,01:00,4-5,12.0,1.0,7,4,13.0
16699,4.550561798,00:00,00:00,4-5,0.0,0.0,3,3,24.0
49677,4.302904563999999,00:00,23:00,4-5,0.0,23.0,3,3,23.0
14034,3.52247191,11:00,22:00,3-4,11.0,22.0,7,3,11.0
89520,4.148760331,00:00,00:00,4-5,0.0,0.0,3,3,24.0
175891,3.442348008,18:00,03:00,3-4,18.0,3.0,1,4,9.0
189503,3.157894737,11:00,02:00,3-4,11.0,2.0,7,4,15.0
18648,3.208333333,18:00,06:00,3-4,18.0,6.0,1,5,12.0
121114,2.581395349,12:00,23:00,2-3,12.0,23.0,7,3,11.0
72013,4.448275862,11:00,00:00,4-5,11.0,0.0,7,3,13.0
44182,3.666666667,18:00,04:00,3-4,18.0,4.0,1,5,10.0
15696,3.1538461539999996,17:00,03:00,3-4,17.0,3.0,1,4,10.0
6328,2.7987012989999998,11:00,00:00,2-3,11.0,0.0,7,3,13.0
5185,2.9038461539999996,11:00,00:00,2-3,11.0,0.0,7,3,13.0
146577,3.428571429,00:00,00:00,3-4,0.0,0.0,3,3,24.0
141975,3.133333333,11:30,01:00,3-4,11.5,1.0,7,4,13.5
164571,4.0,10:00,04:00,3-4,10.0,4.0,7,5,18.0
21972,4.0,09:00,17:00,3-4,9.0,17.0,6,1,8.0
166359,4.565217391,19:00,04:00,4-5,19.0,4.0,2,5,9.0
190844,3.735241503,09:00,01:00,3-4,9.0,1.0,6,4,16.0
187796,4.034482758999999,10:00,02:00,4-5,10.0,2.0,7,4,16.0
38856,3.366242038,06:00,06:00,3-4,6.0,6.0,5,5,24.0
176753,3.55,00:00,00:00,3-4,0.0,0.0,3,3,24.0
131823,4.012207275,17:00,22:00,4-5,17.0,22.0,1,3,5.0
9558,4.555555556,18:00,03:00,4-5,18.0,3.0,1,4,9.0
65563,3.227272727,00:00,00:00,3-4,0.0,0.0,3,3,24.0
151060,3.714285714,16:00,03:00,3-4,16.0,3.0,1,4,11.0
90866,3.231578947,00:00,00:00,3-4,0.0,0.0,3,3,24.0
181034,3.260869565,10:00,04:00,3-4,10.0,4.0,7,5,18.0
159863,4.147058824,11:00,23:00,4-5,11.0,23.0,7,3,12.0
109329,4.45,16:00,04:00,4-5,16.0,4.0,1,5,12.0
130158,3.615686275,00:00,00:00,3-4,0.0,0.0,3,3,24.0
48464,3.4,12:00,01:00,3-4,12.0,1.0,7,4,13.0
146678,4.1019230769999995,17:30,22:00,4-5,17.5,22.0,1,3,4.5
175344,5.0,09:00,18:00,4-5,9.0,18.0,6,1,9.0
107644,3.710526316,10:30,00:00,3-4,10.5,0.0,7,3,13.5
17600,3.947368421,11:00,00:00,3-4,11.0,0.0,7,3,13.0
56766,3.1481888039999997,07:00,02:00,3-4,7.0,2.0,6,4,19.0
21357,3.4142857139999996,00:00,00:00,3-4,0.0,0.0,3,3,24.0
159520,4.1315789469999995,04:00,03:59,4-5,4.0,4.0,5,5,24.0
146945,3.6310975610000003,09:00,02:00,3-4,9.0,2.0,6,4,17.0
166014,3.5911602210000004,11:30,22:00,3-4,11.5,22.0,7,3,10.5
94222,3.055045872,00:00,00:00,3-4,0.0,0.0,3,3,24.0
56879,3.142857143,11:00,00:00,3-4,11.0,0.0,7,3,13.0
17079,2.655172414,00:00,00:00,2-3,0.0,0.0,3,3,24.0
147880,3.266666667,11:00,03:00,3-4,11.0,3.0,7,4,16.0
77007,3.2,00:00,00:00,3-4,0.0,0.0,3,3,24.0
40646,3.925925926,00:00,00:00,3-4,0.0,0.0,3,3,24.0
18549,4.285714286,10:00,03:00,4-5,10.0,3.0,7,4,17.0
51743,2.0,00:00,00:00,1-2,0.0,0.0,3,3,24.0
31512,2.717647059,11:00,06:00,2-3,11.0,6.0,7,5,19.0
9432,4.334231806,12:00,00:00,4-5,12.0,0.0,7,3,12.0
188815,3.75,00:00,00:00,3-4,0.0,0.0,3,3,24.0
183093,5.0,11:00,00:00,4-5,11.0,0.0,7,3,13.0
127956,3.75,00:00,00:00,3-4,0.0,0.0,3,3,24.0
97666,4.076190476,11:00,22:00,4-5,11.0,22.0,7,3,11.0
93036,4.7704918030000005,11:00,02:00,4-5,11.0,2.0,7,4,15.0
115738,4.6,00:00,00:00,4-5,0.0,0.0,3,3,24.0
93655,3.583333333,00:00,00:00,3-4,0.0,0.0,3,3,24.0
20246,4.083333333,00:00,00:00,4-5,0.0,0.0,3,3,24.0
79840,3.1555555560000004,00:00,00:00,3-4,0.0,0.0,3,3,24.0
107391,3.615384615,00:00,00:00,3-4,0.0,0.0,3,3,24.0
137616,3.816326531,00:00,00:00,3-4,0.0,0.0,3,3,24.0
117574,5.0,12:00,03:00,4-5,12.0,3.0,7,4,15.0
135703,3.321052632,10:00,05:00,3-4,10.0,5.0,7,5,19.0
89845,2.458333333,06:00,02:00,2-3,6.0,2.0,5,4,20.0
126119,2.811290323,07:00,06:00,2-3,7.0,6.0,6,5,23.0
182111,4.009569378,16:00,02:00,4-5,16.0,2.0,1,4,10.0
122292,3.4939024389999997,17:00,22:00,3-4,17.0,22.0,1,3,5.0
74687,4.818181818,09:00,00:00,4-5,9.0,0.0,6,3,15.0
101640,4.403614458,16:30,22:30,4-5,16.5,22.5,1,3,6.0
177500,4.481481481,15:30,04:00,4-5,15.5,4.0,8,5,12.5
103328,3.1826086960000004,12:00,03:00,3-4,12.0,3.0,7,4,15.0
67821,1.1,19:00,03:00,1-2,19.0,3.0,2,4,8.0
43726,4.083832335,14:00,04:00,4-5,14.0,4.0,8,5,14.0
37014,3.679083095,11:00,21:00,3-4,11.0,21.0,7,2,10.0
66393,3.90625,10:00,23:00,3-4,10.0,23.0,7,3,13.0
81109,3.401960784,00:00,00:00,3-4,0.0,0.0,3,3,24.0
156030,4.222222222,00:00,00:00,4-5,0.0,0.0,3,3,24.0
147146,3.448275862,16:00,23:00,3-4,16.0,23.0,1,3,7.0
139843,3.9444444439999997,00:00,00:00,3-4,0.0,0.0,3,3,24.0
103489,3.858458961,10:00,01:00,3-4,10.0,1.0,7,4,15.0
5297,4.48,11:00,21:00,4-5,11.0,21.0,7,2,10.0
135352,4.797468353999999,19:00,02:00,4-5,19.0,2.0,2,4,7.0
154368,3.796116505,00:00,00:00,3-4,0.0,0.0,3,3,24.0
38600,3.132231405,00:00,00:00,3-4,0.0,0.0,3,3,24.0
134606,2.972677596,16:00,03:59,2-3,16.0,4.0,1,5,12.0
115627,4.080578512,09:00,22:00,4-5,9.0,22.0,6,3,13.0
9032,4.444444444,00:00,00:00,4-5,0.0,0.0,3,3,24.0
116192,4.285714286,18:00,02:00,4-5,18.0,2.0,1,4,8.0
87155,4.272727273,16:00,05:30,4-5,16.0,5.5,1,5,13.5
190084,4.106094808,18:00,00:00,4-5,18.0,0.0,1,3,6.0
104099,4.0444104130000005,17:30,22:00,4-5,17.5,22.0,1,3,4.5
144474,1.971223022,13:00,05:00,1-2,13.0,5.0,8,5,16.0
63116,2.685224839,00:00,00:00,2-3,0.0,0.0,3,3,24.0
89805,4.0,00:00,00:00,3-4,0.0,0.0,3,3,24.0
79662,4.029411765,00:00,00:00,4-5,0.0,0.0,3,3,24.0
147186,4.35942029,00:00,00:00,4-5,0.0,0.0,3,3,24.0
78550,3.19047619,00:00,00:00,3-4,0.0,0.0,3,3,24.0
61631,3.764705882,00:00,00:00,3-4,0.0,0.0,3,3,24.0
11153,3.025,12:00,02:00,3-4,12.0,2.0,7,4,14.0
127879,3.6,11:00,12:00,3-4,11.0,12.0,7,7,1.0
84320,4.1893939389999995,00:00,00:00,4-5,0.0,0.0,3,3,24.0
81555,2.925925926,10:00,02:00,2-3,10.0,2.0,7,4,16.0
31073,2.333333333,11:00,03:00,2-3,11.0,3.0,7,4,16.0
127132,4.166666667,11:00,22:00,4-5,11.0,22.0,7,3,11.0
133837,4.075376884,17:00,03:00,4-5,17.0,3.0,1,4,10.0
118913,3.955128205,17:00,00:00,3-4,17.0,0.0,1,3,7.0
454,2.416666667,11:00,02:00,2-3,11.0,2.0,7,4,15.0
102378,4.1315789469999995,00:00,00:00,4-5,0.0,0.0,3,3,24.0
97922,2.91136141,00:00,00:00,2-3,0.0,0.0,3,3,24.0
162303,3.645833333,16:00,02:00,3-4,16.0,2.0,1,4,10.0
159375,3.6086956519999998,00:00,00:00,3-4,0.0,0.0,3,3,24.0
192530,4.583333333,10:00,03:00,4-5,10.0,3.0,7,4,17.0
34922,4.391791045,00:00,00:00,4-5,0.0,0.0,3,3,24.0
54572,3.7373271889999997,00:00,00:00,3-4,0.0,0.0,3,3,24.0
72461,3.504273504,06:00,06:00,3-4,6.0,6.0,5,5,24.0
135285,3.75308642,00:00,00:00,3-4,0.0,0.0,3,3,24.0
154662,3.655172414,00:00,00:00,3-4,0.0,0.0,3,3,24.0
141592,2.509009009,00:00,00:00,2-3,0.0,0.0,3,3,24.0
166418,3.791348601,11:00,22:00,3-4,11.0,22.0,7,3,11.0
118508,3.3510479039999996,08:00,02:00,3-4,8.0,2.0,6,4,18.0
152904,3.888888889,09:00,09:00,3-4,9.0,9.0,6,6,24.0
45625,4.0,11:30,23:00,3-4,11.5,23.0,7,3,11.5
93125,2.904761905,11:00,01:00,2-3,11.0,1.0,7,4,14.0
93402,4.25,18:00,02:00,4-5,18.0,2.0,1,4,8.0
10587,3.166666667,07:00,23:00,3-4,7.0,23.0,6,3,16.0
161785,3.378787879,11:00,00:00,3-4,11.0,0.0,7,3,13.0
127612,3.451612903,12:00,04:00,3-4,12.0,4.0,7,5,16.0
43830,3.744117647,11:30,22:00,3-4,11.5,22.0,7,3,10.5
63881,4.578947368,11:30,00:00,4-5,11.5,0.0,7,3,12.5
161717,3.917197452,00:00,00:00,3-4,0.0,0.0,3,3,24.0
157824,3.755555556,06:00,06:00,3-4,6.0,6.0,5,5,24.0
131343,3.6,23:00,03:30,3-4,23.0,3.5,3,4,4.5
8007,4.288702928999999,16:00,22:00,4-5,16.0,22.0,1,3,6.0
86895,4.5,00:00,00:00,4-5,0.0,0.0,3,3,24.0
132337,4.334293948,12:00,04:00,4-5,12.0,4.0,7,5,16.0
151233,4.333333333,17:00,02:00,4-5,17.0,2.0,1,4,9.0
50981,3.8461538460000004,00:00,00:00,3-4,0.0,0.0,3,3,24.0
13500,4.49015748,17:00,22:00,4-5,17.0,22.0,1,3,5.0
8982,3.026392962,00:00,00:00,3-4,0.0,0.0,3,3,24.0
143794,4.173913043,00:00,00:00,4-5,0.0,0.0,3,3,24.0
121437,3.538083538,00:00,00:00,3-4,0.0,0.0,3,3,24.0
51350,3.862745098,10:00,02:00,3-4,10.0,2.0,7,4,16.0
122022,3.0,17:00,04:00,2-3,17.0,4.0,1,5,11.0
50259,4.050847458,11:00,00:00,4-5,11.0,0.0,7,3,13.0
64635,3.733333333,18:00,04:00,3-4,18.0,4.0,1,5,10.0
178101,3.01451131,00:00,00:00,3-4,0.0,0.0,3,3,24.0
41838,3.2,06:00,06:00,3-4,6.0,6.0,5,5,24.0
355,3.4444444439999997,17:00,02:00,3-4,17.0,2.0,1,4,9.0
92130,3.7,00:00,00:00,3-4,0.0,0.0,3,3,24.0
136062,4.28125,06:00,05:30,4-5,6.0,5.5,5,5,23.5
50400,5.0,11:00,22:00,4-5,11.0,22.0,7,3,11.0
71047,2.820754717,13:00,05:00,2-3,13.0,5.0,8,5,16.0
134809,3.018181818,00:00,00:00,3-4,0.0,0.0,3,3,24.0
61701,3.5625,00:00,00:00,3-4,0.0,0.0,3,3,24.0
147357,4.125,16:00,04:00,4-5,16.0,4.0,1,5,12.0
48246,4.035135135,00:00,00:00,4-5,0.0,0.0,3,3,24.0
55069,4.115384615,00:00,00:00,4-5,0.0,0.0,3,3,24.0
173192,3.987383798,11:00,23:00,3-4,11.0,23.0,7,3,12.0
101840,5.0,10:00,23:00,4-5,10.0,23.0,7,3,13.0
171460,4.432960894,00:00,00:00,4-5,0.0,0.0,3,3,24.0
157327,3.7037037039999996,08:00,00:00,3-4,8.0,0.0,6,3,16.0
154739,2.96179966,11:00,02:00,2-3,11.0,2.0,7,4,15.0
114337,4.14084507,00:00,00:00,4-5,0.0,0.0,3,3,24.0
100060,4.777777778,12:00,21:00,4-5,12.0,21.0,7,2,9.0
27778,3.6,00:00,00:00,3-4,0.0,0.0,3,3,24.0
120467,4.41,11:00,16:00,4-5,11.0,16.0,7,1,5.0
187305,1.2,11:00,22:00,1-2,11.0,22.0,7,3,11.0
7521,4.909090909,18:00,02:00,4-5,18.0,2.0,1,4,8.0
34769,4.053459118999999,16:00,23:00,4-5,16.0,23.0,1,3,7.0
64998,3.3692307689999996,00:00,00:00,3-4,0.0,0.0,3,3,24.0
16258,3.323943662,00:00,00:00,3-4,0.0,0.0,3,3,24.0
11753,3.6415094339999996,00:00,00:00,3-4,0.0,0.0,3,3,24.0
184661,3.746835443,10:00,01:00,3-4,10.0,1.0,7,4,15.0
91185,1.75,00:00,00:00,1-2,0.0,0.0,3,3,24.0
143787,3.204761905,00:00,00:00,3-4,0.0,0.0,3,3,24.0
73859,2.9651162789999996,06:00,02:00,2-3,6.0,2.0,5,4,20.0
50816,2.883268482,22:30,04:00,2-3,22.5,4.0,3,5,5.5
148058,2.575539568,22:00,04:00,2-3,22.0,4.0,3,5,6.0
128352,2.727272727,22:30,04:00,2-3,22.5,4.0,3,5,5.5
126348,4.166666667,00:00,00:00,4-5,0.0,0.0,3,3,24.0
88135,4.306666667,18:00,04:00,4-5,18.0,4.0,1,5,10.0
141306,4.1428571430000005,16:00,03:00,4-5,16.0,3.0,1,4,11.0
114427,3.0851063830000003,12:00,02:00,3-4,12.0,2.0,7,4,14.0
160618,3.519379845,00:00,00:00,3-4,0.0,0.0,3,3,24.0
86095,4.285046728999999,11:00,02:00,4-5,11.0,2.0,7,4,15.0
109073,2.6911764710000003,11:00,00:00,2-3,11.0,0.0,7,3,13.0
148869,4.201807229,10:00,22:00,4-5,10.0,22.0,7,3,12.0
127416,3.203125,00:00,00:00,3-4,0.0,0.0,3,3,24.0
39364,3.254799302,17:00,04:00,3-4,17.0,4.0,1,5,11.0
181036,3.916666667,00:00,00:00,3-4,0.0,0.0,3,3,24.0
182353,4.56,10:00,02:00,4-5,10.0,2.0,7,4,16.0
26488,3.43902439,12:00,23:00,3-4,12.0,23.0,7,3,11.0
98644,3.5,10:00,00:00,3-4,10.0,0.0,7,3,14.0
96958,3.714285714,12:00,03:00,3-4,12.0,3.0,7,4,15.0
27711,5.0,12:00,00:00,4-5,12.0,0.0,7,3,12.0
115220,4.0,00:00,00:00,3-4,0.0,0.0,3,3,24.0
843,3.6351118760000003,08:00,05:00,3-4,8.0,5.0,6,5,21.0
133109,3.25,17:00,00:00,3-4,17.0,0.0,1,3,7.0
71677,3.75,22:00,05:00,3-4,22.0,5.0,3,5,7.0
17,2.8,00:00,00:00,2-3,0.0,0.0,3,3,24.0
126019,4.307692308,10:00,23:00,4-5,10.0,23.0,7,3,13.0
74145,3.882352941,08:30,21:00,3-4,8.5,21.0,6,2,12.5
64015,3.333333333,09:00,00:00,3-4,9.0,0.0,6,3,15.0
48113,3.873015873,17:00,03:00,3-4,17.0,3.0,1,4,10.0
186198,3.6086956519999998,00:00,00:00,3-4,0.0,0.0,3,3,24.0
10256,3.565789474,20:00,03:00,3-4,20.0,3.0,2,4,7.0
8817,3.208333333,10:00,01:00,3-4,10.0,1.0,7,4,15.0
181532,4.3025718610000006,17:30,22:00,4-5,17.5,22.0,1,3,4.5
128446,2.5,09:00,22:00,2-3,9.0,22.0,6,3,13.0
158259,3.802197802,11:00,02:00,3-4,11.0,2.0,7,4,15.0
31318,3.869918699,11:00,21:00,3-4,11.0,21.0,7,2,10.0
136132,2.409090909,00:00,00:00,2-3,0.0,0.0,3,3,24.0
94745,4.2,00:00,00:00,4-5,0.0,0.0,3,3,24.0
70910,3.282258065,07:00,23:00,3-4,7.0,23.0,6,3,16.0
171071,3.5625,10:00,00:00,3-4,10.0,0.0,7,3,14.0
54607,2.887835703,11:00,04:00,2-3,11.0,4.0,7,5,17.0
120627,3.772961816,11:00,01:20,3-4,11.0,1.3,7,4,14.3
31373,4.6578947369999995,10:00,22:00,4-5,10.0,22.0,7,3,12.0
179903,4.348837209,16:00,22:00,4-5,16.0,22.0,1,3,6.0
179488,4.333333333,00:00,00:00,4-5,0.0,0.0,3,3,24.0
80557,4.666666667,11:00,01:00,4-5,11.0,1.0,7,4,14.0
110744,3.678571429,19:00,02:00,3-4,19.0,2.0,2,4,7.0
35745,5.0,00:00,00:00,4-5,0.0,0.0,3,3,24.0
185714,3.272727273,00:00,00:00,3-4,0.0,0.0,3,3,24.0
96021,3.578947368,06:00,06:00,3-4,6.0,6.0,5,5,24.0
140105,2.0,11:00,02:00,1-2,11.0,2.0,7,4,15.0
47685,3.0,00:00,00:00,2-3,0.0,0.0,3,3,24.0
98251,3.5038759689999996,11:00,23:00,3-4,11.0,23.0,7,3,12.0
93761,3.282352941,00:00,00:00,3-4,0.0,0.0,3,3,24.0
182325,3.760204082,17:00,22:00,3-4,17.0,22.0,1,3,5.0
108221,3.379310345,21:00,06:00,3-4,21.0,6.0,2,5,9.0
132889,2.617318436,06:30,05:00,2-3,6.5,5.0,5,5,22.5
136754,4.177105832,17:30,22:00,4-5,17.5,22.0,1,3,4.5
29642,5.0,09:00,00:00,4-5,9.0,0.0,6,3,15.0
128533,3.796116505,06:00,06:00,3-4,6.0,6.0,5,5,24.0
140720,3.0,08:00,02:00,2-3,8.0,2.0,6,4,18.0
6193,4.350649351,00:00,00:00,4-5,0.0,0.0,3,3,24.0
71257,2.96,15:00,02:00,2-3,15.0,2.0,8,4,11.0
48269,4.545454545,16:00,23:00,4-5,16.0,23.0,1,3,7.0
161958,4.0,19:00,03:00,3-4,19.0,3.0,2,4,8.0
13178,4.2149837130000005,00:00,00:00,4-5,0.0,0.0,3,3,24.0
103280,4.40625,00:00,00:00,4-5,0.0,0.0,3,3,24.0
183956,4.752293578,17:00,00:00,4-5,17.0,0.0,1,3,7.0
158145,4.933333333,08:00,20:00,4-5,8.0,20.0,6,2,12.0
31508,3.65,17:00,00:00,3-4,17.0,0.0,1,3,7.0
134504,4.146067416,11:00,02:00,4-5,11.0,2.0,7,4,15.0
155633,4.397590361000001,12:00,23:00,4-5,12.0,23.0,7,3,11.0
95302,3.2,20:00,03:00,3-4,20.0,3.0,2,4,7.0
66335,4.714285714,19:00,00:00,4-5,19.0,0.0,2,3,5.0
183862,3.682926829,11:00,02:00,3-4,11.0,2.0,7,4,15.0
117619,2.947761194,11:00,23:00,2-3,11.0,23.0,7,3,12.0
135052,2.9983896939999997,07:00,01:00,2-3,7.0,1.0,6,4,18.0
150264,3.567944251,11:00,23:00,3-4,11.0,23.0,7,3,12.0
109986,4.6428571430000005,10:00,00:00,4-5,10.0,0.0,7,3,14.0
48472,2.676691729,11:00,23:00,2-3,11.0,23.0,7,3,12.0
38248,4.0,09:00,19:00,3-4,9.0,19.0,6,2,10.0
42162,4.140151515,17:00,22:30,4-5,17.0,22.5,1,3,5.5
188484,4.428571429,00:00,00:00,4-5,0.0,0.0,3,3,24.0
189665,4.110220441,17:00,21:00,4-5,17.0,21.0,1,2,4.0
182089,4.229726458,17:30,22:00,4-5,17.5,22.0,1,3,4.5
110672,3.2987804880000002,11:00,06:00,3-4,11.0,6.0,7,5,19.0
138118,5.0,10:00,23:00,4-5,10.0,23.0,7,3,13.0
63438,4.2,00:00,00:00,4-5,0.0,0.0,3,3,24.0
150121,3.25,16:00,08:00,3-4,16.0,8.0,1,6,16.0
82986,4.393406593,11:00,22:00,4-5,11.0,22.0,7,3,11.0
105716,3.923076923,17:00,01:00,3-4,17.0,1.0,1,4,8.0
111683,3.765957447,16:00,01:00,3-4,16.0,1.0,1,4,9.0
82713,4.0798611110000005,10:00,22:00,4-5,10.0,22.0,7,3,12.0
161710,4.055555556,16:00,00:00,4-5,16.0,0.0,1,3,8.0
156289,3.7247706419999997,11:00,02:00,3-4,11.0,2.0,7,4,15.0
28201,3.883458647,11:00,02:00,3-4,11.0,2.0,7,4,15.0
117648,4.2976190480000005,11:00,22:00,4-5,11.0,22.0,7,3,11.0
115629,3.6470588239999997,00:00,12:00,3-4,0.0,12.0,3,7,12.0
170112,3.413043478,00:00,00:00,3-4,0.0,0.0,3,3,24.0
5810,3.333333333,00:00,00:00,3-4,0.0,0.0,3,3,24.0
165900,3.225,07:00,01:00,3-4,7.0,1.0,6,4,18.0
76703,3.583106267,09:00,23:00,3-4,9.0,23.0,6,3,14.0
155279,3.988505747,10:00,00:00,3-4,10.0,0.0,7,3,14.0
23608,3.85483871,00:00,00:00,3-4,0.0,0.0,3,3,24.0
33234,3.68115942,18:00,04:00,3-4,18.0,4.0,1,5,10.0
186899,3.641791045,17:00,23:00,3-4,17.0,23.0,1,3,6.0
143159,4.291139241000001,11:30,22:00,4-5,11.5,22.0,7,3,10.5
56568,3.4827586210000003,08:30,22:00,3-4,8.5,22.0,6,3,13.5
20326,3.5333333330000003,00:00,00:00,3-4,0.0,0.0,3,3,24.0
42664,3.875,10:00,02:00,3-4,10.0,2.0,7,4,16.0
65782,1.6666666669999999,22:30,06:00,1-2,22.5,6.0,3,5,7.5
166463,3.75,11:00,06:00,3-4,11.0,6.0,7,5,19.0
143977,4.251655629,00:00,00:00,4-5,0.0,0.0,3,3,24.0
92187,4.193650794,11:00,23:00,4-5,11.0,23.0,7,3,12.0
79161,2.0,20:00,04:00,1-2,20.0,4.0,2,5,8.0
118884,3.330749354,00:00,00:00,3-4,0.0,0.0,3,3,24.0
129328,3.625,06:00,06:00,3-4,6.0,6.0,5,5,24.0
128130,4.19047619,00:00,00:00,4-5,0.0,0.0,3,3,24.0
183176,3.7752808989999997,11:00,00:00,3-4,11.0,0.0,7,3,13.0
152071,3.705985915,11:00,00:00,3-4,11.0,0.0,7,3,13.0
64152,4.434108527,10:00,02:00,4-5,10.0,2.0,7,4,16.0
148573,4.040540541,00:00,00:00,4-5,0.0,0.0,3,3,24.0
147542,3.666666667,12:00,00:00,3-4,12.0,0.0,7,3,12.0
161264,3.263157895,16:00,04:00,3-4,16.0,4.0,1,5,12.0
174075,4.188118812,00:00,00:00,4-5,0.0,0.0,3,3,24.0
41906,3.715277778,17:00,00:00,3-4,17.0,0.0,1,3,7.0
112694,3.666666667,15:00,06:00,3-4,15.0,6.0,8,5,15.0
102679,2.4,00:00,00:00,2-3,0.0,0.0,3,3,24.0
111276,3.6956521739999997,11:00,02:00,3-4,11.0,2.0,7,4,15.0
35744,4.354,11:30,23:00,4-5,11.5,23.0,7,3,11.5
76960,4.833333333,22:00,03:00,4-5,22.0,3.0,3,4,5.0
169928,4.32464455,10:00,22:00,4-5,10.0,22.0,7,3,12.0
162269,4.4,17:00,03:00,4-5,17.0,3.0,1,4,10.0
168812,3.0555555560000003,00:00,00:00,3-4,0.0,0.0,3,3,24.0
187968,3.125,22:00,07:00,3-4,22.0,7.0,3,6,9.0
108786,4.508928571,11:00,02:00,4-5,11.0,2.0,7,4,15.0
95829,2.763975155,06:00,02:00,2-3,6.0,2.0,5,4,20.0
188995,3.9101382489999996,11:00,23:00,3-4,11.0,23.0,7,3,12.0
14198,3.665024631,09:00,01:00,3-4,9.0,1.0,6,4,16.0
187792,4.1428571430000005,00:00,00:00,4-5,0.0,0.0,3,3,24.0
171217,3.333333333,09:00,09:00,3-4,9.0,9.0,6,6,24.0
175364,3.75,11:00,01:00,3-4,11.0,1.0,7,4,14.0
168597,3.666666667,11:00,03:00,3-4,11.0,3.0,7,4,16.0
77892,4.486486486,10:00,02:00,4-5,10.0,2.0,7,4,16.0
142203,3.737704918,00:00,00:00,3-4,0.0,0.0,3,3,24.0
26202,3.482517483,11:30,23:00,3-4,11.5,23.0,7,3,11.5
181310,3.081967213,00:00,00:00,3-4,0.0,0.0,3,3,24.0
48243,4.5,00:00,00:00,4-5,0.0,0.0,3,3,24.0
15010,3.761904762,00:00,00:00,3-4,0.0,0.0,3,3,24.0
21037,4.1062176169999995,12:00,03:00,4-5,12.0,3.0,7,4,15.0
28836,3.550561798,11:00,16:00,3-4,11.0,16.0,7,1,5.0
103909,2.782894737,17:00,04:00,2-3,17.0,4.0,1,5,11.0
136406,3.341772152,00:00,00:00,3-4,0.0,0.0,3,3,24.0
174549,1.31372549,10:00,18:00,1-2,10.0,18.0,7,1,8.0
156786,4.227019499,11:00,22:00,4-5,11.0,22.0,7,3,11.0
177002,3.762762763,11:00,00:00,3-4,11.0,0.0,7,3,13.0
74620,4.282828283,14:00,23:30,4-5,14.0,23.5,8,3,9.5
135153,3.6453900710000005,17:00,23:00,3-4,17.0,23.0,1,3,6.0
82338,4.2826086960000005,11:00,23:00,4-5,11.0,23.0,7,3,12.0
61020,5.0,23:00,03:00,4-5,23.0,3.0,3,4,4.0
124312,2.75,00:00,00:00,2-3,0.0,0.0,3,3,24.0
167247,3.066666667,00:00,00:00,3-4,0.0,0.0,3,3,24.0
166869,4.03030303,10:00,16:00,4-5,10.0,16.0,7,1,6.0
178989,4.040816327,08:00,17:00,4-5,8.0,17.0,6,1,9.0
104188,4.333333333,08:00,02:00,4-5,8.0,2.0,6,4,18.0
111956,2.769230769,17:00,06:00,2-3,17.0,6.0,1,5,13.0
168030,2.097826087,11:00,04:00,2-3,11.0,4.0,7,5,17.0
34640,3.672131148,06:00,06:00,3-4,6.0,6.0,5,5,24.0
26930,3.4,11:00,23:00,3-4,11.0,23.0,7,3,12.0
172009,4.086221471,06:00,00:00,4-5,6.0,0.0,5,3,18.0
26447,3.9,06:00,06:00,3-4,6.0,6.0,5,5,24.0
146536,3.5464285710000003,08:00,02:00,3-4,8.0,2.0,6,4,18.0
57369,4.75,00:00,00:00,4-5,0.0,0.0,3,3,24.0
18205,3.034482759,18:00,03:00,3-4,18.0,3.0,1,4,9.0
130241,4.177982861,17:00,03:00,4-5,17.0,3.0,1,4,10.0
117304,4.126491647,11:00,04:00,4-5,11.0,4.0,7,5,17.0
166694,3.494382022,00:00,00:00,3-4,0.0,0.0,3,3,24.0
156953,3.5,00:00,00:00,3-4,0.0,0.0,3,3,24.0
24851,4.066666667,10:00,04:00,4-5,10.0,4.0,7,5,18.0
121438,3.746478873,12:00,18:00,3-4,12.0,18.0,7,1,6.0
153536,4.545454545,16:00,03:00,4-5,16.0,3.0,1,4,11.0
90360,3.308080808,17:00,22:00,3-4,17.0,22.0,1,3,5.0
121589,3.291666667,16:00,05:00,3-4,16.0,5.0,1,5,13.0
150880,3.9579929989999996,11:00,00:00,3-4,11.0,0.0,7,3,13.0
38367,2.640243902,11:00,00:00,2-3,11.0,0.0,7,3,13.0
188454,3.86407767,00:00,00:00,3-4,0.0,0.0,3,3,24.0
133856,3.858611825,11:00,01:00,3-4,11.0,1.0,7,4,14.0
64828,3.1060606060000002,17:00,03:00,3-4,17.0,3.0,1,4,10.0
96741,2.9844961239999996,00:00,00:00,2-3,0.0,0.0,3,3,24.0
102117,3.483870968,06:00,05:30,3-4,6.0,5.5,5,5,23.5
144997,3.342592593,10:00,04:00,3-4,10.0,4.0,7,5,18.0
73833,3.967213115,08:00,08:00,3-4,8.0,8.0,6,6,24.0
70931,4.070678796,17:30,23:00,4-5,17.5,23.0,1,3,5.5
13910,4.4574780060000005,17:00,02:00,4-5,17.0,2.0,1,4,9.0
155096,3.972972973,00:00,00:00,3-4,0.0,0.0,3,3,24.0
180000,2.940199336,11:00,02:00,2-3,11.0,2.0,7,4,15.0
116034,4.1724137930000005,00:00,00:00,4-5,0.0,0.0,3,3,24.0
187461,4.633802817,09:00,21:00,4-5,9.0,21.0,6,2,12.0
28266,3.166666667,00:00,00:00,3-4,0.0,0.0,3,3,24.0
164747,3.819548872,17:00,22:00,3-4,17.0,22.0,1,3,5.0
27961,3.129032258,00:00,00:00,3-4,0.0,0.0,3,3,24.0
149411,4.315789474,06:00,06:00,4-5,6.0,6.0,5,5,24.0
73093,3.9426751589999998,11:30,02:00,3-4,11.5,2.0,7,4,14.5
52441,3.939393939,00:00,00:00,3-4,0.0,0.0,3,3,24.0
174015,3.666666667,16:00,04:00,3-4,16.0,4.0,1,5,12.0
185044,3.545454545,00:00,00:00,3-4,0.0,0.0,3,3,24.0
3307,3.94419004,11:00,22:00,3-4,11.0,22.0,7,3,11.0
158050,3.1363636360000005,00:00,00:00,3-4,0.0,0.0,3,3,24.0
148311,4.7,17:00,03:00,4-5,17.0,3.0,1,4,10.0
80716,3.130434783,00:00,00:00,3-4,0.0,0.0,3,3,24.0
184707,2.901639344,00:00,00:00,2-3,0.0,0.0,3,3,24.0
107155,3.5388235289999996,08:30,22:00,3-4,8.5,22.0,6,3,13.5
182806,3.151515152,00:00,00:00,3-4,0.0,0.0,3,3,24.0
69323,3.988095238,17:00,22:00,3-4,17.0,22.0,1,3,5.0
179697,2.764705882,21:00,04:00,2-3,21.0,4.0,2,5,7.0
185784,3.729613734,17:00,23:00,3-4,17.0,23.0,1,3,6.0
39770,4.698412698,11:00,01:00,4-5,11.0,1.0,7,4,14.0
88525,3.2941176469999998,11:00,23:00,3-4,11.0,23.0,7,3,12.0
66129,4.267527675,00:00,00:00,4-5,0.0,0.0,3,3,24.0
115653,3.9148936169999997,10:00,02:00,3-4,10.0,2.0,7,4,16.0
190602,3.34,17:00,04:00,3-4,17.0,4.0,1,5,11.0
87061,4.484375,14:00,22:00,4-5,14.0,22.0,8,3,8.0
137871,3.209125475,12:00,23:00,3-4,12.0,23.0,7,3,11.0
128939,4.163058187,11:00,02:00,4-5,11.0,2.0,7,4,15.0
169906,3.2581227439999996,11:30,18:00,3-4,11.5,18.0,7,1,6.5
165162,4.2,00:00,00:00,4-5,0.0,0.0,3,3,24.0
75043,4.514285714,06:00,06:00,4-5,6.0,6.0,5,5,24.0
79208,3.269230769,09:00,19:00,3-4,9.0,19.0,6,2,10.0
61519,3.2319999999999998,22:30,07:00,3-4,22.5,7.0,3,6,8.5
118728,4.25,11:30,19:00,4-5,11.5,19.0,7,2,7.5
15737,3.923747277,11:00,23:00,3-4,11.0,23.0,7,3,12.0
136341,3.553287982,11:00,00:00,3-4,11.0,0.0,7,3,13.0
133155,2.774193548,11:00,02:00,2-3,11.0,2.0,7,4,15.0
137905,4.549689441,00:00,00:00,4-5,0.0,0.0,3,3,24.0
132191,4.409853624,00:00,00:00,4-5,0.0,0.0,3,3,24.0
79620,3.0758196719999997,07:00,03:00,3-4,7.0,3.0,6,4,20.0
12621,4.208732694,17:00,23:00,4-5,17.0,23.0,1,3,6.0
74635,3.222222222,00:00,00:00,3-4,0.0,0.0,3,3,24.0
168081,4.096348884,09:00,00:00,4-5,9.0,0.0,6,3,15.0
142499,3.788321168,00:00,00:00,3-4,0.0,0.0,3,3,24.0
36418,3.119402985,11:00,23:30,3-4,11.0,23.5,7,3,12.5
67092,3.600566572,12:00,00:00,3-4,12.0,0.0,7,3,12.0
13082,2.825396825,10:00,03:30,2-3,10.0,3.5,7,4,17.5
142101,5.0,08:00,05:00,4-5,8.0,5.0,6,5,21.0
149592,4.14516129,11:00,04:00,4-5,11.0,4.0,7,5,17.0
177741,3.942307692,22:30,04:00,3-4,22.5,4.0,3,5,5.5
101415,3.988764045,12:00,02:00,3-4,12.0,2.0,7,4,14.0
7295,4.024390244,00:00,00:00,4-5,0.0,0.0,3,3,24.0
111435,4.179487179,00:00,00:00,4-5,0.0,0.0,3,3,24.0
1077,4.291428571,10:00,22:00,4-5,10.0,22.0,7,3,12.0
135893,3.479166667,18:00,04:00,3-4,18.0,4.0,1,5,10.0
175701,3.0,06:00,06:00,2-3,6.0,6.0,5,5,24.0
121694,2.891472868,11:00,23:00,2-3,11.0,23.0,7,3,12.0
65273,3.653225806,17:00,22:30,3-4,17.0,22.5,1,3,5.5
121594,3.576923077,07:00,02:00,3-4,7.0,2.0,6,4,19.0
72676,4.074324324,11:00,18:00,4-5,11.0,18.0,7,1,7.0
135999,4.37037037,11:00,23:45,4-5,11.0,23.8,7,3,12.8
123168,3.2439024389999997,00:00,00:00,3-4,0.0,0.0,3,3,24.0
64807,4.8928571430000005,10:00,02:00,4-5,10.0,2.0,7,4,16.0
65190,4.120192308,11:00,06:00,4-5,11.0,6.0,7,5,19.0
19447,4.15,11:00,23:00,4-5,11.0,23.0,7,3,12.0
123263,2.75,10:00,23:00,2-3,10.0,23.0,7,3,13.0
164960,3.3485714289999997,20:00,03:00,3-4,20.0,3.0,2,4,7.0
96204,4.375,10:00,03:30,4-5,10.0,3.5,7,4,17.5
118150,3.7,00:00,00:00,3-4,0.0,0.0,3,3,24.0
69626,4.333333333,11:00,02:00,4-5,11.0,2.0,7,4,15.0
161109,3.1529562980000003,11:00,03:00,3-4,11.0,3.0,7,4,16.0
61654,3.232876712,11:00,03:00,3-4,11.0,3.0,7,4,16.0
90683,3.1,00:00,00:00,3-4,0.0,0.0,3,3,24.0
544,3.813953488,17:00,01:00,3-4,17.0,1.0,1,4,8.0
113244,4.266666667,20:00,04:00,4-5,20.0,4.0,2,5,8.0
139298,3.619047619,07:00,00:00,3-4,7.0,0.0,6,3,17.0
67363,3.032786885,00:00,00:00,3-4,0.0,0.0,3,3,24.0
39918,3.785714286,00:00,00:00,3-4,0.0,0.0,3,3,24.0
146232,4.158227848,10:00,03:00,4-5,10.0,3.0,7,4,17.0
77496,2.706161137,11:00,23:00,2-3,11.0,23.0,7,3,12.0
189661,3.449438202,08:00,22:00,3-4,8.0,22.0,6,3,14.0
159709,3.4,17:00,05:00,3-4,17.0,5.0,1,5,12.0
133387,3.865017668,11:00,23:00,3-4,11.0,23.0,7,3,12.0
50274,3.7319277110000004,17:00,23:00,3-4,17.0,23.0,1,3,6.0
3099,3.8417266189999997,11:00,00:00,3-4,11.0,0.0,7,3,13.0
38525,4.058823529,11:00,23:00,4-5,11.0,23.0,7,3,12.0
132997,4.124590164,10:00,00:00,4-5,10.0,0.0,7,3,14.0
35288,2.574468085,12:00,05:00,2-3,12.0,5.0,7,5,17.0
161628,3.642857143,09:00,09:00,3-4,9.0,9.0,6,6,24.0
79320,4.4429708219999995,11:30,22:00,4-5,11.5,22.0,7,3,10.5
7552,4.476190476,20:00,05:00,4-5,20.0,5.0,2,5,9.0
89538,3.953586498,00:00,00:00,3-4,0.0,0.0,3,3,24.0
61546,4.364864865,00:00,00:00,4-5,0.0,0.0,3,3,24.0
81125,4.181818182,00:00,00:00,4-5,0.0,0.0,3,3,24.0
74655,3.0,00:00,00:00,2-3,0.0,0.0,3,3,24.0
48274,3.388888889,00:00,00:00,3-4,0.0,0.0,3,3,24.0
9806,4.378378378,11:00,23:00,4-5,11.0,23.0,7,3,12.0
185906,3.063829787,00:00,00:00,3-4,0.0,0.0,3,3,24.0
91387,2.864754098,11:00,01:00,2-3,11.0,1.0,7,4,14.0
98142,3.618243243,18:00,22:30,3-4,18.0,22.5,1,3,4.5
138365,3.389380531,00:00,00:00,3-4,0.0,0.0,3,3,24.0
95230,3.627118644,10:00,04:00,3-4,10.0,4.0,7,5,18.0
184519,4.55984556,17:00,23:00,4-5,17.0,23.0,1,3,6.0
35311,3.284313725,00:00,00:00,3-4,0.0,0.0,3,3,24.0
148801,3.121428571,06:00,14:00,3-4,6.0,14.0,5,8,8.0
113318,2.875536481,22:00,04:00,2-3,22.0,4.0,3,5,6.0
80980,3.428571429,20:00,03:00,3-4,20.0,3.0,2,4,7.0
130453,3.2490421460000003,09:00,09:00,3-4,9.0,9.0,6,6,24.0
144103,3.992199688,00:00,00:00,3-4,0.0,0.0,3,3,24.0
33558,3.44,11:00,04:00,3-4,11.0,4.0,7,5,17.0
153559,3.3626943010000003,10:00,21:00,3-4,10.0,21.0,7,2,11.0
91876,3.568,00:00,00:00,3-4,0.0,0.0,3,3,24.0
39404,3.4,09:00,03:00,3-4,9.0,3.0,6,4,18.0
108390,3.716171617,11:00,22:30,3-4,11.0,22.5,7,3,11.5
119048,3.549450549,09:00,03:00,3-4,9.0,3.0,6,4,18.0
90215,4.166023166,04:00,03:59,4-5,4.0,4.0,5,5,24.0
68128,4.1981132080000005,08:00,22:00,4-5,8.0,22.0,6,3,14.0
168460,4.225550661000001,11:30,02:00,4-5,11.5,2.0,7,4,14.5
61682,4.375,00:00,00:00,4-5,0.0,0.0,3,3,24.0
60217,5.0,06:00,05:30,4-5,6.0,5.5,5,5,23.5
3244,3.607142857,19:00,03:00,3-4,19.0,3.0,2,4,8.0
186218,4.860465116,18:00,02:00,4-5,18.0,2.0,1,4,8.0
158508,3.5471698110000003,09:00,09:00,3-4,9.0,9.0,6,6,24.0
70956,3.814285714,00:00,00:00,3-4,0.0,0.0,3,3,24.0
16510,3.7317073169999997,00:00,00:00,3-4,0.0,0.0,3,3,24.0
120047,4.0,00:00,00:00,3-4,0.0,0.0,3,3,24.0
34028,4.097222222,15:00,23:00,4-5,15.0,23.0,8,3,8.0
38269,3.170212766,00:00,00:00,3-4,0.0,0.0,3,3,24.0
190444,4.470588235,18:00,04:00,4-5,18.0,4.0,1,5,10.0
144477,3.753148615,08:00,00:00,3-4,8.0,0.0,6,3,16.0
79475,3.272955975,09:00,00:00,3-4,9.0,0.0,6,3,15.0
137396,4.666666667,10:00,02:00,4-5,10.0,2.0,7,4,16.0
183256,2.644067797,18:00,06:00,2-3,18.0,6.0,1,5,12.0
72023,3.510204082,07:00,00:00,3-4,7.0,0.0,6,3,17.0
6535,3.333333333,19:00,01:00,3-4,19.0,1.0,2,4,6.0
70871,4.413333333,00:00,00:00,4-5,0.0,0.0,3,3,24.0
158693,3.85,10:00,05:00,3-4,10.0,5.0,7,5,19.0
117633,3.1017964069999997,11:00,01:00,3-4,11.0,1.0,7,4,14.0
172909,4.6363636360000005,00:00,00:00,4-5,0.0,0.0,3,3,24.0
117949,3.483516484,00:00,00:00,3-4,0.0,0.0,3,3,24.0
99766,2.829787234,00:00,00:00,2-3,0.0,0.0,3,3,24.0
77564,3.621052632,11:30,00:00,3-4,11.5,0.0,7,3,12.5
90468,2.23364486,11:00,00:00,2-3,11.0,0.0,7,3,13.0
87301,2.6167664669999997,11:00,01:00,2-3,11.0,1.0,7,4,14.0
50032,3.25,18:00,02:00,3-4,18.0,2.0,1,4,8.0
112580,3.743215031,06:00,06:00,3-4,6.0,6.0,5,5,24.0
152492,5.0,18:00,23:30,4-5,18.0,23.5,1,3,5.5
35758,2.640776699,11:00,00:00,2-3,11.0,0.0,7,3,13.0
104008,3.857142857,00:00,00:00,3-4,0.0,0.0,3,3,24.0
48782,4.12244898,16:00,00:00,4-5,16.0,0.0,1,3,8.0
33487,2.32967033,11:30,03:00,2-3,11.5,3.0,7,4,15.5
42696,3.35483871,07:00,02:00,3-4,7.0,2.0,6,4,19.0
100816,4.077745384,11:00,01:30,4-5,11.0,1.5,7,4,14.5
121828,3.8975609760000003,17:00,23:00,3-4,17.0,23.0,1,3,6.0
184061,3.6962305989999997,00:00,00:00,3-4,0.0,0.0,3,3,24.0
165243,3.5,00:00,00:00,3-4,0.0,0.0,3,3,24.0
113803,4.786486486,18:00,05:00,4-5,18.0,5.0,1,5,11.0
182306,2.574297189,10:00,04:00,2-3,10.0,4.0,7,5,18.0
56494,3.380952381,00:00,00:00,3-4,0.0,0.0,3,3,24.0
140127,5.0,08:00,00:00,4-5,8.0,0.0,6,3,16.0
181035,3.803797468,09:00,00:00,3-4,9.0,0.0,6,3,15.0
14530,2.8181818180000002,00:00,00:00,2-3,0.0,0.0,3,3,24.0
122371,3.796992481,00:00,00:00,3-4,0.0,0.0,3,3,24.0
37354,3.8409090910000003,07:00,22:00,3-4,7.0,22.0,6,3,15.0
172738,3.125,10:00,02:00,3-4,10.0,2.0,7,4,16.0
51370,3.464285714,00:00,00:00,3-4,0.0,0.0,3,3,24.0
34591,4.125,09:00,18:00,4-5,9.0,18.0,6,1,9.0
183498,4.133786848,16:00,03:00,4-5,16.0,3.0,1,4,11.0
169657,2.971428571,10:00,23:00,2-3,10.0,23.0,7,3,13.0
149256,3.6865417380000003,11:00,23:00,3-4,11.0,23.0,7,3,12.0
173152,3.2544169610000004,11:00,23:00,3-4,11.0,23.0,7,3,12.0
90119,3.0909090910000003,11:00,02:00,3-4,11.0,2.0,7,4,15.0
33615,4.384615385,00:00,00:00,4-5,0.0,0.0,3,3,24.0
145449,4.1052631580000005,00:00,00:00,4-5,0.0,0.0,3,3,24.0
134593,1.75,00:00,00:00,1-2,0.0,0.0,3,3,24.0
23370,4.333333333,09:00,21:00,4-5,9.0,21.0,6,2,12.0
117751,4.788732394,17:00,02:00,4-5,17.0,2.0,1,4,9.0
18457,2.974358974,00:00,00:00,2-3,0.0,0.0,3,3,24.0
67964,4.125,00:00,00:00,4-5,0.0,0.0,3,3,24.0
46867,3.085790885,22:30,05:00,3-4,22.5,5.0,3,5,6.5
6759,4.0346020760000005,00:00,00:00,4-5,0.0,0.0,3,3,24.0
15182,4.040561622,09:00,22:00,4-5,9.0,22.0,6,3,13.0
152803,4.188405797,11:00,23:00,4-5,11.0,23.0,7,3,12.0
172435,3.056737589,17:00,22:00,3-4,17.0,22.0,1,3,5.0
41561,4.015403574,11:00,01:00,4-5,11.0,1.0,7,4,14.0
115128,4.151095732,17:00,00:00,4-5,17.0,0.0,1,3,7.0
35192,4.482936918,11:00,02:00,4-5,11.0,2.0,7,4,15.0
90484,3.546875,17:00,05:00,3-4,17.0,5.0,1,5,12.0
191205,4.36,10:00,02:00,4-5,10.0,2.0,7,4,16.0
105065,3.834862385,17:00,22:30,3-4,17.0,22.5,1,3,5.5
156191,4.784615385,09:00,22:00,4-5,9.0,22.0,6,3,13.0
71823,3.730769231,10:00,00:00,3-4,10.0,0.0,7,3,14.0
70987,3.195298373,22:30,04:00,3-4,22.5,4.0,3,5,5.5
81999,4.055555556,17:00,03:00,4-5,17.0,3.0,1,4,10.0
122119,3.0754716980000003,17:00,02:00,3-4,17.0,2.0,1,4,9.0
101761,5.0,09:00,00:00,4-5,9.0,0.0,6,3,15.0
4124,4.09757384,16:30,00:00,4-5,16.5,0.0,1,3,7.5
874,3.454545455,00:00,00:00,3-4,0.0,0.0,3,3,24.0
151815,5.0,11:00,01:00,4-5,11.0,1.0,7,4,14.0
112015,3.522099448,17:30,22:00,3-4,17.5,22.0,1,3,4.5
812,2.166666667,00:00,00:00,2-3,0.0,0.0,3,3,24.0
27967,3.185185185,00:00,00:00,3-4,0.0,0.0,3,3,24.0
49621,4.0,11:00,00:00,3-4,11.0,0.0,7,3,13.0
92009,3.37704918,16:00,22:00,3-4,16.0,22.0,1,3,6.0
161080,3.9111111110000003,11:00,04:00,3-4,11.0,4.0,7,5,17.0
64406,5.0,09:00,18:00,4-5,9.0,18.0,6,1,9.0
124334,3.8272373539999998,11:00,22:00,3-4,11.0,22.0,7,3,11.0
109820,2.525510204,00:00,00:00,2-3,0.0,0.0,3,3,24.0
149467,3.817073171,00:00,00:00,3-4,0.0,0.0,3,3,24.0
21034,4.80952381,16:00,22:00,4-5,16.0,22.0,1,3,6.0
183303,4.082644628,00:00,00:00,4-5,0.0,0.0,3,3,24.0
47521,4.091954023,00:00,00:00,4-5,0.0,0.0,3,3,24.0
74752,3.428571429,00:00,00:00,3-4,0.0,0.0,3,3,24.0
146825,2.285714286,09:00,06:00,2-3,9.0,6.0,6,5,21.0
121252,3.170731707,00:00,00:00,3-4,0.0,0.0,3,3,24.0
168310,2.4285714290000002,00:00,00:00,2-3,0.0,0.0,3,3,24.0
120930,3.714285714,00:00,00:00,3-4,0.0,0.0,3,3,24.0
89917,4.222222222,17:00,21:00,4-5,17.0,21.0,1,2,4.0
2253,4.362416107,16:00,23:00,4-5,16.0,23.0,1,3,7.0
93865,3.7443181819999998,10:00,22:00,3-4,10.0,22.0,7,3,12.0
30985,4.3542234330000005,11:00,02:00,4-5,11.0,2.0,7,4,15.0
191511,3.889584965,11:30,02:00,3-4,11.5,2.0,7,4,14.5
66684,4.152380952,07:00,04:00,4-5,7.0,4.0,6,5,21.0
110432,3.897435897,17:00,05:00,3-4,17.0,5.0,1,5,12.0
16914,4.044280443,09:00,22:00,4-5,9.0,22.0,6,3,13.0
25681,3.666666667,16:00,04:00,3-4,16.0,4.0,1,5,12.0
98727,2.859649123,00:00,00:00,2-3,0.0,0.0,3,3,24.0
26003,3.53271028,18:00,04:00,3-4,18.0,4.0,1,5,10.0
51035,3.9,00:00,00:00,3-4,0.0,0.0,3,3,24.0
118266,3.8206521739999997,17:00,23:00,3-4,17.0,23.0,1,3,6.0
42703,3.571428571,17:30,00:00,3-4,17.5,0.0,1,3,6.5
162337,3.420289855,11:00,01:00,3-4,11.0,1.0,7,4,14.0
36695,3.870995671,06:00,06:00,3-4,6.0,6.0,5,5,24.0
39374,3.642857143,12:00,23:00,3-4,12.0,23.0,7,3,11.0
119926,3.777777778,16:00,03:00,3-4,16.0,3.0,1,4,11.0
127585,3.106598985,11:00,22:00,3-4,11.0,22.0,7,3,11.0
127304,3.9822485210000003,00:00,00:00,3-4,0.0,0.0,3,3,24.0
50577,3.9852071010000003,09:00,22:00,3-4,9.0,22.0,6,3,13.0
64536,4.008928571,09:00,02:00,4-5,9.0,2.0,6,4,17.0
38152,4.30804077,17:30,21:30,4-5,17.5,21.5,1,2,4.0
61295,3.5,00:00,00:00,3-4,0.0,0.0,3,3,24.0
43040,3.545454545,16:00,02:00,3-4,16.0,2.0,1,4,10.0
118418,3.692173913,00:00,00:00,3-4,0.0,0.0,3,3,24.0
22985,3.2758620689999995,00:00,00:00,3-4,0.0,0.0,3,3,24.0
130207,3.485294118,00:00,00:00,3-4,0.0,0.0,3,3,24.0
121298,2.272727273,22:30,04:00,2-3,22.5,4.0,3,5,5.5
172412,4.333333333,08:00,00:00,4-5,8.0,0.0,6,3,16.0
165250,3.791666667,06:00,06:00,3-4,6.0,6.0,5,5,24.0
75249,3.042891183,00:00,00:00,3-4,0.0,0.0,3,3,24.0
125688,3.53125,07:00,02:00,3-4,7.0,2.0,6,4,19.0
175283,2.583333333,00:00,00:00,2-3,0.0,0.0,3,3,24.0
88683,3.020408163,00:00,00:00,3-4,0.0,0.0,3,3,24.0
42989,3.4453125,22:00,04:00,3-4,22.0,4.0,3,5,6.0
160697,3.01055409,11:00,22:30,3-4,11.0,22.5,7,3,11.5
120269,3.01242236,17:00,22:00,3-4,17.0,22.0,1,3,5.0
73179,3.102040816,00:00,00:00,3-4,0.0,0.0,3,3,24.0
164841,2.214285714,08:00,03:00,2-3,8.0,3.0,6,4,19.0
111254,3.9905660380000003,00:30,00:00,3-4,0.5,0.0,3,3,23.5
140386,4.333333333,21:00,03:00,4-5,21.0,3.0,2,4,6.0
112447,4.051628276000001,10:00,00:00,4-5,10.0,0.0,7,3,14.0
109667,3.0333333330000003,00:00,00:00,3-4,0.0,0.0,3,3,24.0
23929,3.727272727,08:00,17:00,3-4,8.0,17.0,6,1,9.0
167512,3.5555555560000003,00:00,00:00,3-4,0.0,0.0,3,3,24.0
10089,3.7262773719999998,11:30,04:00,3-4,11.5,4.0,7,5,16.5
45451,3.666666667,16:00,23:00,3-4,16.0,23.0,1,3,7.0
26125,3.666666667,21:00,04:00,3-4,21.0,4.0,2,5,7.0
130280,3.730769231,00:00,00:00,3-4,0.0,0.0,3,3,24.0
48969,3.254098361,21:00,04:00,3-4,21.0,4.0,2,5,7.0
162510,3.874015748,00:00,00:00,3-4,0.0,0.0,3,3,24.0
5897,4.42459893,00:00,00:00,4-5,0.0,0.0,3,3,24.0
62926,4.829787233999999,10:00,20:00,4-5,10.0,20.0,7,2,10.0
129504,4.583732057,16:00,22:00,4-5,16.0,22.0,1,3,6.0
29390,3.29245283,04:00,03:59,3-4,4.0,4.0,5,5,24.0
51354,3.581967213,00:00,00:00,3-4,0.0,0.0,3,3,24.0
23777,2.535874439,12:00,22:00,2-3,12.0,22.0,7,3,10.0
141969,3.5,10:00,01:00,3-4,10.0,1.0,7,4,15.0
101145,3.633879781,09:00,02:00,3-4,9.0,2.0,6,4,17.0
171525,4.84375,18:00,02:00,4-5,18.0,2.0,1,4,8.0
96769,3.3073364180000002,08:00,02:00,3-4,8.0,2.0,6,4,18.0
170768,4.332258065,17:30,21:30,4-5,17.5,21.5,1,2,4.0
181881,3.166666667,11:00,01:00,3-4,11.0,1.0,7,4,14.0
7555,4.333333333,02:00,00:00,4-5,2.0,0.0,4,3,22.0
113525,3.6956521739999997,17:00,03:00,3-4,17.0,3.0,1,4,10.0
61441,4.066381156,18:00,00:00,4-5,18.0,0.0,1,3,6.0
156674,4.555900621,10:00,01:00,4-5,10.0,1.0,7,4,15.0
80912,4.201160542,18:00,23:30,4-5,18.0,23.5,1,3,5.5
177812,2.3025210080000003,08:00,03:00,2-3,8.0,3.0,6,4,19.0
178623,4.299539171,00:00,00:00,4-5,0.0,0.0,3,3,24.0
